"0",0.894660534833232,0.887315722590376,"X2|X3|X4|X6"
"A",0.207027851086615,0.169458461161646,"X1|X2|X3|X4|X5"
"B",0.504940158418981,0.420225167054512,"X1"
"C",3.17945652985159,2.50686146059737,"X1|X4"
"D",0.20414981439351,0.182437785164925,"X1|X2|X3|X6"
"E",0.28369859419151,0.241973940823766,"X1|X6"
"0",0.822058027967032,0.747889983716486,"X2"
"A",0.214841797498937,0.158319260820599,"X1|X3|X5|X6"
"B",0.369151996233974,0.297288548614878,"X1|X4|X5"
"C",2.95184393845101,2.22090136232768,"X1"
"D",0.20214716762615,0.152885888242432,"X1|X2|X3"
"E",0.231037248115094,0.19506066559022,"X1"
"0",1.06501555102424,1.00953680872256,"X2|X4"
"A",0.229550912409752,0.18190042414159,"X1|X3|X4|X5"
"B",0.445663134905056,0.392350805048744,"X1"
"C",0.445300313452099,0.390564409627466,"X1|X3|X5"
"D",0.219572472491021,0.186742554168812,"X1|X2|X3|X4|X5"
"E",0.279905143086571,0.243260549430048,"X1|X2|X6"
"0",0.903359537793453,0.847002726911168,"X1|X6"
"A",0.225257879715388,0.162756599966962,"X1|X3|X6"
"B",0.342206148080714,0.365274836123246,"X1|X3|X4|X6"
"C",0.726604138955075,0.639676049182548,"X1"
"D",0.175931161136406,0.112093350311045,"X1|X2|X3"
"E",0.193212802855575,0.169754174671776,"X1|X3|X6"
"0",0.837299770797647,0.808299064484851,"X6"
"A",0.211834235841755,0.134431714777923,"X1|X4|X6"
"B",0.359293700952609,0.333175787658936,"X1|X2"
"C",0.543663152839421,0.499305125328382,"X1|X2|X4"
"D",0.21087835918338,0.184084142937,"X1|X2|X3|X6"
"E",0.223399994742331,0.185324101892027,"X3"
"0",0.87248743330009,0.856760621074479,"X1|X6"
"A",0.311429243195171,0.29157584997353,"X1|X2|X4|X5"
"B",0.511563001318775,0.408468519041849,"X1"
"C",2.86543711279371,2.25966795433,"X1"
"D",0.24807476772221,0.215577043959758,"X1|X2|X3|X4"
"E",0.225326885412263,0.203405066803067,"X2|X4|X6"
"0",0.796192102947075,0.765249662371012,"X1|X2"
"A",0.228003968992546,0.180565973741067,"X1|X3"
"B",0.464686553976474,0.393094160342693,"X1|X3"
"C",0.803414302666777,0.65761207167915,"X1|X3|X4"
"D",0.203144032064043,0.148637963367012,"X1|X2|X3|X6"
"E",0.252677490560452,0.240877854060039,"X1|X2|X5|X6"
"0",0.710443972050892,0.668500706942791,"X1|X5|X6"
"A",0.250078853841173,0.191764395774973,"X1|X3"
"B",0.458848485675296,0.349625949039438,"X1|X6"
"C",3.64733504838239,3.06246420574907,"X6"
"D",0.181518627603754,0.147462669194275,"X1|X2|X3|X4|X5"
"E",0.215382622757776,0.185635960815446,"X1|X5"
"0",0.954630208120152,0.943056927158886,"X1|X2|X4|X5"
"A",0.201367712045031,0.153265360937795,"X1|X3|X5"
"B",0.388099344237783,0.287448530279141,"X1|X4"
"C",0.659836978806778,0.552050074698098,"X1|X2|X6"
"D",0.181582725013508,0.126017950207282,"X1|X2|X3"
"E",0.226571559384479,0.188783959627219,"X6"
"0",1.15477319255353,1.09895526986391,"X4|X6"
"A",0.253488392245787,0.209633162151232,"X1|X2|X5"
"B",0.440302353690676,0.379819931235772,"X1"
"C",2.52686184569853,2.06451209815446,"X1|X4"
"D",0.185032454100843,0.135727527794178,"X1|X2|X3|X5"
"E",0.203982088025523,0.168484183429884,"X1|X4"
"0",0.68603566098438,0.578279609636435,"X1|X3"
"A",0.178334757577291,0.133526905296817,"X1|X4|X5"
"B",0.412080823755148,0.36801321929312,"X1|X5"
"C",0.86340244028484,0.72819740847778,"X1|X5"
"D",0.236803519163857,0.205864388888755,"X1|X2|X3"
"E",0.216234896407745,0.193990341115038,"X1|X2|X5|X6"
"0",0.817243151584423,0.827951028442922,"X1|X2|X3"
"A",0.273231476353871,0.211275436377645,"X1|X3|X5"
"B",0.426287842584294,0.351319600829118,"X1|X4"
"C",0.956490590249532,0.861062170348035,"X1|X4"
"D",0.207907510676457,0.163978048067034,"X1|X2|X3|X4|X6"
"E",0.244213039106021,0.212880414481596,"X2|X3|X4|X6"
"0",0.648101217355582,0.607895573010561,"X2|X4|X6"
"A",0.271184328314393,0.215217920848128,"X1|X5|X6"
"B",0.42012475481233,0.308650419428291,"X1"
"C",0.788844475253274,0.571925532519471,"X1"
"D",0.226531465855766,0.206998754725795,"X1|X2|X3"
"E",0.309604732628913,0.264845184024397,"X2|X4"
"0",0.975563734569721,0.986485317232996,"X1|X3|X4|X5"
"A",0.257375757957422,0.196150847401767,"X1|X3"
"B",0.440877660418128,0.345028718726358,"X1|X5"
"C",1.29164428155253,1.02424195491102,"X1"
"D",0.195751832946546,0.156666226750755,"X1|X2|X3|X4"
"E",0.241415338718403,0.248915139813163,"X1|X2|X3|X4|X5"
"0",0.577900824310676,0.541292434508906,"X1|X5|X6"
"A",0.210284536895046,0.123679845426331,"X1|X2|X4"
"B",0.443576476981356,0.33865923542685,"X1"
"C",0.556041365149901,0.414939785334338,"X1"
"D",0.184427459080129,0.116132216091363,"X1|X2|X3|X4"
"E",0.222012639890749,0.171600693015827,"X1|X2|X5"
"0",0.988741496821968,0.98912373670553,"X1|X5"
"A",0.239418631800431,0.183432981506165,"X1|X2|X3|X4"
"B",0.443755671199183,0.288341940543544,"X1|X5"
"C",3.38188707876801,3.3476001728005,"X1|X6"
"D",0.223348309071182,0.194749302521806,"X1|X2|X3"
"E",0.245520210247077,0.222506534467775,"X2"
"0",0.629460448736219,0.619459818944133,"X1|X6"
"A",0.203661788951374,0.1482667251787,"X1|X4"
"B",0.391053515360393,0.345483389437729,"X1|X2|X5"
"C",0.491370214872529,0.363931235899204,"X1|X2|X5"
"D",0.228377661729949,0.184889410445999,"X1|X2|X3"
"E",0.25134251712986,0.218462640373922,"X1|X2|X6"
"0",0.962513345052982,0.881731385639522,"X1|X2|X6"
"A",0.248752826817879,0.191636168958651,"X1|X2"
"B",0.459707663069222,0.405021850182262,"X1|X3"
"C",2.85588349760213,1.95062330930604,"X1|X2"
"D",0.210199487580128,0.170257792936946,"X1|X2|X3|X4|X6"
"E",0.253257913564879,0.223266254268296,"X3|X5|X6"
"0",0.724819491803822,0.693834973298344,"X3"
"A",0.317716828191852,0.280486805639942,"X1"
"B",0.442141516601224,0.364279942984441,"X1|X2|X4"
"C",0.601696587485309,0.537483520472725,"X1|X2|X4"
"D",0.239082494266545,0.229507760290517,"X1|X2|X3|X6"
"E",0.207097468216622,0.168124175667577,"X3|X5|X6"
"0",0.822027724807841,0.780309851840938,"X2"
"A",0.219070562384814,0.169185071175157,"X1|X4|X5"
"B",0.519317104763649,0.430733084327345,"X1|X3"
"C",3.4814737504136,2.82081195504577,"X1|X4"
"D",0.206168231838761,0.181381180027186,"X1|X2|X3|X4|X5"
"E",0.335637517012092,0.291281696794202,"X2|X4"
"0",1.29447584284238,1.31562136209847,"X2|X6"
"A",0.243521864626313,0.187461911353811,"X1|X2|X5|X6"
"B",0.363260175315619,0.326733110379308,"X1|X2|X3|X6"
"C",0.702339640797653,0.703653609808662,"X1|X2|X3|X5"
"D",0.204908844250298,0.155404824623375,"X1|X2|X3|X5|X6"
"E",0.252033850366609,0.235628893461071,"X1|X3"
"0",0.983990390984823,0.957143484268326,"X1|X2|X6"
"A",0.268792226956079,0.20730869396928,"X1"
"B",0.429809728773331,0.374878390936112,"X1|X2"
"C",0.756669249103944,0.577644266862306,"X1|X4"
"D",0.283427324022606,0.241565303601215,"X1|X2|X3"
"E",0.289774755991072,0.236940828474085,"X1|X6"
"0",0.864941101214728,0.95973517221012,"X1|X4"
"A",0.211396757366787,0.147907461963666,"X1|X5"
"B",0.501233714620047,0.419358461041516,"X1"
"C",1.14071232230044,0.749697773573104,"X1|X6"
"D",0.188176979221329,0.146510101248276,"X1|X2|X3"
"E",0.308055680408691,0.274606267727271,"X1|X3|X4"
"0",1.11890173698628,1.08309618168343,"X1|X2|X3"
"A",0.197593172547201,0.126047754709761,"X1|X4"
"B",0.40095966493659,0.318321567180219,"X1"
"C",0.620553599701403,0.459367948715337,"X1|X6"
"D",0.189925534473022,0.132851834812719,"X1|X2|X3|X4"
"E",0.255295295995263,0.204163000599545,"X3|X6"
"0",0.943370014734728,0.909458785882866,"X4|X5|X6"
"A",0.224837662840215,0.17849296907658,"X1|X3"
"B",0.489951311981824,0.398826294876446,"X1|X3|X5"
"C",2.63611123095497,2.0467975290542,"X1|X4"
"D",0.195449135082119,0.164808331343543,"X1|X2|X3|X4|X5"
"E",0.279428805464255,0.262670218135761,"X5"
"0",1.29058548929714,1.44751256634637,"X3"
"A",0.211778139973491,0.136967426505309,"X1|X4|X5"
"B",0.436504361537893,0.36456845153018,"X1|X3"
"C",3.38241477567312,2.86692333368299,"X1|X5"
"D",0.196747875329583,0.170411146527646,"X1|X2|X3|X5"
"E",0.210691436754296,0.191455201954691,"X1|X2|X6"
"0",1.03063095708305,1.05490008805208,"X3"
"A",0.196769704821864,0.12329769957786,"X1|X3|X4|X5|X6"
"B",0.448653053059417,0.348066356951254,"X1|X2"
"C",0.678739661265619,0.554764638825092,"X1|X2"
"D",0.16830119245016,0.105550464576539,"X1|X2|X3|X4|X6"
"E",0.253386940141341,0.203587478997103,"X4|X5|X6"
"0",1.20263828944277,1.10430367428047,"X1|X3|X6"
"A",0.185387190954978,0.128809445580161,"X1|X2|X3"
"B",0.44914842739645,0.343511099201738,"X1"
"C",0.766743794853368,0.522098582547301,"X1|X4"
"D",0.181779638919252,0.131026437577602,"X1|X2|X3"
"E",0.250031891976068,0.255700232838582,"X1|X2|X4|X5|X6"
"0",1.02271898592893,0.961574152756312,"X1|X5|X6"
"A",0.22224031149053,0.181647225670379,"X1|X4|X5"
"B",0.381514873278956,0.258868899735221,"X1|X4"
"C",3.36746398567126,3.16821625245109,"X1"
"D",0.168755762335614,0.130815967694437,"X1|X2|X3|X4"
"E",0.250551505417473,0.214327055682544,"X1|X2|X4|X5"
"0",0.861028432789886,0.805528400426534,"X4"
"A",0.246781513607901,0.199304832169726,"X1|X2|X4|X5"
"B",0.525672169358586,0.448425405332351,"X1|X4|X5"
"C",3.86582030721856,3.16725021991074,"X1|X3"
"D",0.272641575994977,0.235744207729597,"X1|X2|X3|X5"
"E",0.300533489964868,0.278171123227465,"X1|X2"
"0",1.14236197090073,0.967889877482885,"X2"
"A",0.238966695769859,0.187570714958438,"X1|X2|X3|X4|X5"
"B",0.445677841042801,0.399602666967292,"X1|X2|X4"
"C",2.98645596637328,2.7697773159456,"X1|X5"
"D",0.197432931903634,0.168516736704886,"X1|X2|X3|X4|X6"
"E",0.318343645408932,0.281287441405862,"X2|X3"
"0",0.774020303226845,0.808610144135652,"X1|X2|X3|X6"
"A",0.235506863780319,0.173651283368021,"X1|X2|X5|X6"
"B",0.399627326189907,0.323237813734471,"X1"
"C",1.02928843127349,0.844967271998844,"X1|X3"
"D",0.207847453940121,0.156990965551425,"X1|X2|X3|X5"
"E",0.189500254688723,0.158732192014637,"X1|X5"
"0",0.952827618079712,0.954093571519914,"X3|X4|X5"
"A",0.219543853110525,0.157182482899281,"X1"
"B",0.45734073737015,0.387927064189162,"X1|X2|X5"
"C",3.08967786913212,2.51067185661938,"X1|X3|X6"
"D",0.169746150471681,0.132037428829826,"X1|X2|X3|X4|X6"
"E",0.243000596618917,0.206098004533245,"X2|X3"
"0",0.794139680567954,0.821066838548665,"X3|X5|X6"
"A",0.226731710224241,0.165913235810147,"X1|X5|X6"
"B",0.408771470791482,0.34129776877636,"X1|X3|X6"
"C",1.07432941412489,0.953058857897451,"X1|X3|X5"
"D",0.175096101563484,0.125879562730761,"X1|X2|X3|X6"
"E",0.250492730306156,0.234681634942373,"X1|X3|X5|X6"
"0",0.701029053004123,0.686172618839766,"X2|X3|X4|X5"
"A",0.301486425819423,0.244792433613186,"X1"
"B",0.43569433237885,0.383430554463853,"X1|X3"
"C",0.731982082915071,0.540537881132554,"X1"
"D",0.18814305324554,0.132997285920147,"X1|X2|X3|X4"
"E",0.247462262177729,0.210664217085507,"X6"
"0",0.914531520727596,0.843125981060032,"X1|X4|X5"
"A",0.237172009884264,0.164172312229539,"X1|X2|X5"
"B",0.41605973668809,0.371172903246692,"X1|X6"
"C",0.407536048170278,0.279073029420035,"X1|X2|X3|X6"
"D",0.191162240378966,0.129923590373339,"X1|X2|X3"
"E",0.202923839828997,0.153621829288106,"X1|X2|X4"
"0",1.05402028975593,1.02464010556184,"X3|X4|X6"
"A",0.227782446989892,0.171120444536941,"X1|X5"
"B",0.455699589180178,0.348165455940362,"X1|X4"
"C",2.61627507786267,1.82494995268257,"X1|X6"
"D",0.202014705262406,0.159683579959222,"X1|X2|X3|X5"
"E",0.294462071456758,0.250636869112561,"X1"
"0",1.08465443232205,1.0120076803143,"X3|X4"
"A",0.25365200470289,0.214298607374567,"X1|X2|X3|X4"
"B",0.480456002089776,0.430939450162437,"X2|X6"
"C",2.4788471963931,1.82746003606294,"X1|X3|X5"
"D",0.190395675964966,0.1361102662646,"X1|X2|X3|X4|X5|X6"
"E",0.241284522834814,0.192322146304557,"X3|X5"
"0",1.10933369733281,1.01542546679586,"X1"
"A",0.204425477865641,0.132064037044363,"X1|X4|X6"
"B",0.484642182119695,0.394359533740487,"X1"
"C",0.865051023755947,0.640049140987681,"X1|X2|X4"
"D",0.158851718058105,0.113494774683211,"X1|X2|X3|X4|X5|X6"
"E",0.287139704513687,0.26141429047208,"X5"
"0",0.805962375765307,0.759643119986517,"X1|X2"
"A",0.21149219891801,0.171443787837604,"X1|X2|X6"
"B",0.435733795221565,0.413876216191756,"X1|X4|X5"
"C",2.60130683667736,2.35185893707737,"X1|X4"
"D",0.202013612657085,0.210165953560223,"X1|X2|X3|X5|X6"
"E",0.229625857490003,0.200432836126897,"X1|X5|X6"
"0",1.08930797306063,1.12338011298742,"X2|X3|X4|X6"
"A",0.229400343334337,0.186927297253649,"X1|X5|X6"
"B",0.440030662350621,0.341994413617789,"X1|X6"
"C",0.749744839795117,0.588988780723131,"X1|X6"
"D",0.179079597625901,0.134818889955421,"X1|X2|X3"
"E",0.276599814754698,0.241202052414285,"X4|X5"
"0",1.21695413422558,1.2447144700473,"X1|X2|X3|X4|X6"
"A",0.196689003794276,0.142376215272794,"X1|X5|X6"
"B",0.408104340214185,0.308261090527547,"X1|X2"
"C",0.754063846897161,0.745454646241529,"X1|X2|X3|X4|X5"
"D",0.187233603350299,0.171442245231591,"X1|X2|X3|X4|X5"
"E",0.301405604806773,0.268433892206303,"X2|X3|X4"
"0",0.607181745985565,0.658118888251164,"X3|X4|X5|X6"
"A",0.240033273884662,0.169673935036956,"X1"
"B",0.438685460880333,0.362235832255609,"X1|X2|X3"
"C",3.44136306462698,3.19493768444809,"X3"
"D",0.254902374396701,0.203229751287277,"X1|X2|X3"
"E",0.224524267390833,0.190765920977869,"X1|X5|X6"
"0",0.836732664754612,0.780916411287527,"X5"
"A",0.210411839802664,0.142009415145323,"X1|X2|X5|X6"
"B",0.511419008040649,0.38209199976344,"X1|X3|X5"
"C",2.80202744002307,2.51619715853804,"X1|X5"
"D",0.195138180562367,0.14509595480729,"X1|X2|X3|X5"
"E",0.269511057067731,0.231729055780405,"X3"
"0",1.15292540184631,1.12759951594494,"X3|X5"
"A",0.193074235889569,0.122537334984108,"X1|X2|X4"
"B",0.363236477376586,0.308973014806936,"X1|X3|X5"
"C",3.66940601309889,3.90672854949049,"X1|X2"
"D",0.185334970175307,0.136301516725816,"X1|X2|X3|X5|X6"
"E",0.236295185083753,0.229394410876073,"X1|X2|X3|X5|X6"
"0",0.978270557719773,0.930462612071229,"X4"
"A",0.229225049623738,0.159704774216274,"X1|X4|X5"
"B",0.460638587838992,0.398047377191924,"X1|X2|X4"
"C",0.494023834091017,0.395285575314286,"X1|X5"
"D",0.211069666251286,0.17265161286116,"X1|X2|X3|X4|X5"
"E",0.32483173548625,0.279809650750237,"X3"
"0",0.877248162062654,0.862928372737202,"X1|X4|X5"
"A",0.194975983694684,0.13854292212451,"X1|X2|X5|X6"
"B",0.45341249551808,0.338482532398385,"X1"
"C",3.47493469521396,3.95075257126736,"X4"
"D",0.187794506087561,0.144742041044618,"X1|X2|X3|X6"
"E",0.233974712965058,0.197406202488876,"X1|X3|X6"
"0",0.97893565963777,0.995695142036455,"X1|X4|X5"
"A",0.258350785839613,0.200801191526086,"X1|X5|X6"
"B",0.435372469972657,0.39774037329112,"X5"
"C",1.63254666458961,1.2562809001213,"X1"
"D",0.190419723831013,0.155511535060438,"X1|X2|X3|X4"
"E",0.257817639903579,0.228373088540735,"X2|X3|X5"
"0",0.977612736904999,0.892966015899318,"X4|X6"
"A",0.274393376566271,0.231953313817229,"X1|X3|X4"
"B",0.420681901688793,0.404325112444698,"X1|X4|X6"
"C",0.386695597337839,0.322315638594943,"X1|X2|X3|X4"
"D",0.206830549556143,0.186667746585395,"X1|X2|X3|X4|X6"
"E",0.275216696314851,0.26033693362854,"X1|X3|X4|X6"
"0",1.02396793882326,1.01006364468852,"X3"
"A",0.213075886214176,0.156963144985985,"X1|X6"
"B",0.371567894973403,0.320127154117883,"X1|X3|X5"
"C",3.13506837696067,2.69532718210525,"X1"
"D",0.145903757542984,0.102443592457026,"X1|X2|X3|X4|X6"
"E",0.20459721583931,0.160881715919739,"X1|X2|X5"
"0",0.835346256753775,0.789695221191696,"X2|X3|X4|X5"
"A",0.227637035828805,0.149597051398595,"X1|X3"
"B",0.466009863776016,0.396834393155967,"X1|X3"
"C",2.81242147880737,2.35461069671282,"X1|X3|X5"
"D",0.201482852952761,0.184294044456322,"X1|X2|X3|X4|X5|X6"
"E",0.238871064536235,0.204438437861293,"X1|X2"
"0",1.12716601745551,1.12867799910931,"X5"
"A",0.246926107884183,0.195158336612374,"X1|X3|X5|X6"
"B",0.504675921809965,0.410732042719529,"X1"
"C",0.621095050643558,0.523324886212622,"X1"
"D",0.23073835026251,0.198677634319882,"X1|X2|X3"
"E",0.309370441968766,0.249302300474499,"X1"
"0",1.00651687410358,0.999511243555197,"X1|X2|X4"
"A",0.198288918439524,0.151844022967888,"X1|X2|X4|X5|X6"
"B",0.477413225876093,0.445774409434176,"X1|X3|X5"
"C",3.37159916298843,2.97365201958025,"X1|X6"
"D",0.163401901496382,0.10913978763984,"X1|X2|X3|X6"
"E",0.227911329278597,0.217506477328105,"X1|X2|X3|X4|X6"
"0",0.598288510920408,0.547333547942064,"X2|X4|X6"
"A",0.251914097887505,0.204458128148837,"X1"
"B",0.492634387508105,0.37609957226806,"X1"
"C",0.56155412154751,0.498097917383765,"X1|X3|X6"
"D",0.252332692575412,0.229455942077339,"X1|X2|X3|X5"
"E",0.283970545289376,0.288626406445596,"X1|X3|X4|X5"
"0",1.33762764958486,1.28609892592489,"X1"
"A",0.151713096097916,0.0597088162433773,"X1|X2|X3|X4|X5|X6"
"B",0.41793731685181,0.314341894544057,"X1"
"C",3.14246875185646,2.47094649626233,"X1|X2"
"D",0.180917760009566,0.14131740976599,"X1|X2|X3"
"E",0.251125033140056,0.231817433012415,"X4|X6"
"0",0.87626407638433,0.916975403810826,"X2|X3|X5"
"A",0.21916100215164,0.165782854436373,"X1|X2|X4|X6"
"B",0.376969529407232,0.32715841323254,"X1|X5"
"C",3.00747560462809,3.0849548221581,"X1"
"D",0.193304317852117,0.149329035037593,"X1|X2|X3|X6"
"E",0.257954363951483,0.258888828222034,"X2|X5|X6"
"0",0.766621412601607,0.77546808139604,"X2|X6"
"A",0.221183966766322,0.160413703693594,"X1|X3"
"B",0.517028813762522,0.411337955974446,"X1"
"C",0.743165224913585,0.566374775258601,"X1|X4"
"D",0.169642682652939,0.131867292781156,"X1|X2|X3|X5"
"E",0.216933458749141,0.172395139142877,"X1|X5"
"0",0.72727690154223,0.698198265424516,"X3|X6"
"A",0.207711716021366,0.132126851277371,"X1|X2|X3|X4"
"B",0.42079539953962,0.3413343141414,"X1|X3"
"C",0.68619683349256,0.589977235386082,"X1|X3"
"D",0.212851173140314,0.175096733469253,"X1|X2|X3|X4|X6"
"E",0.232781365307371,0.183232207043079,"X2|X5|X6"
"0",1.07460686057507,1.01769467609443,"X1|X6"
"A",0.223762276894199,0.160634381258914,"X1|X2|X3|X4|X5|X6"
"B",0.474192775927594,0.316823824190572,"X1|X4"
"C",3.5264035884929,3.16422978503781,"X1|X2"
"D",0.198510345757485,0.149033691123242,"X1|X2|X3|X5"
"E",0.201329353351869,0.174105294420103,"X1|X4"
"0",1.17763677113649,1.16714790168909,"X1|X2"
"A",0.201761484313519,0.129038654612594,"X1|X2|X3|X5"
"B",0.421005303593944,0.355452761920264,"X1"
"C",2.28569247175858,1.40656671459675,"X1"
"D",0.154870990221179,0.119441058872596,"X1|X2|X3|X4|X5|X6"
"E",0.24883064765348,0.219125088486061,"X1|X6"
"0",0.931298104114857,0.947461338082173,"X4|X6"
"A",0.232671268276642,0.164534179330456,"X1"
"B",0.438301806918503,0.356154860190317,"X1|X3"
"C",0.644211307578884,0.531699862283634,"X1|X2"
"D",0.219553597826426,0.201792728417411,"X1|X2|X3|X5"
"E",0.248506478710983,0.225072735738903,"X1|X6"
"0",0.856864422987608,0.849973546621459,"X5"
"A",0.231263635518425,0.179644224407207,"X1|X2|X6"
"B",0.503427895952945,0.379410995585516,"X1|X4|X6"
"C",0.504480746851552,0.403316486586749,"X1|X4|X6"
"D",0.200861817653841,0.149414049113745,"X1|X2|X3|X6"
"E",0.233788805394116,0.220527136284723,"X1|X3|X4|X5"
"0",1.06830072216774,0.957967804919181,"X1"
"A",0.283845172705739,0.250196818806716,"X1|X5"
"B",0.430936623498454,0.345418503215761,"X1|X3"
"C",0.913184126761102,0.684707507969647,"X1|X6"
"D",0.285637952610693,0.263440761066653,"X1|X2|X3"
"E",0.282968326334284,0.246201511667133,"X3"
"0",0.904421490494167,0.807354003257275,"X3|X5"
"A",0.261627569121221,0.192939380436941,"X1"
"B",0.489300883740083,0.415358421346205,"X1"
"C",0.589007339810934,0.444435013598184,"X1|X3|X5"
"D",0.227595201824615,0.203318947482364,"X1|X2|X3|X4"
"E",0.222394394941527,0.19089114809214,"X2|X3|X5"
"0",0.77077770130882,0.769411739090795,"X4|X5"
"A",0.207078565662235,0.177191502260538,"X1|X3|X5|X6"
"B",0.415056560724073,0.339922977263617,"X1|X6"
"C",0.641909378035732,0.516421627962913,"X1|X2|X5"
"D",0.167388459023014,0.131341161499919,"X1|X2|X3|X4|X5|X6"
"E",0.2248173542118,0.211491252692988,"X1|X3|X4|X5|X6"
"0",0.864435912498342,0.85767559309895,"X3|X6"
"A",0.22063035517989,0.18278430278571,"X1|X4|X6"
"B",0.352360339992375,0.331932312110553,"X1|X4|X5|X6"
"C",0.829858738592657,0.710482522048518,"X1|X4|X5|X6"
"D",0.196570225665657,0.169308682085342,"X1|X2|X3"
"E",0.227989996529126,0.191770199272928,"X1|X3|X5|X6"
"0",0.979204442191795,1.02633458111203,"X2|X4|X6"
"A",0.18869702297289,0.130131917567425,"X1|X2|X3|X5"
"B",0.437215122738047,0.324664194860427,"X1|X5"
"C",0.679247996469277,0.505751931324451,"X1"
"D",0.170258387818888,0.116367586343961,"X1|X2|X3"
"E",0.241611973680094,0.190471255834814,"X2"
"0",0.769027713636998,0.759008222958006,"X1|X3|X4|X5"
"A",0.260461736654638,0.224875246322082,"X1"
"B",0.462164078673287,0.36729089346265,"X1"
"C",0.860085558945656,0.641378831797171,"X1"
"D",0.26760628367006,0.247546224236519,"X1|X2|X3|X6"
"E",0.264539860698493,0.223474789526507,"X4|X5"
"0",0.79157981489083,0.762117995080089,"X3|X5|X6"
"A",0.246839954177509,0.190671970814101,"X1|X2|X5"
"B",0.329473162798464,0.264606082714107,"X2|X4|X5|X6"
"C",0.783726270278536,0.707118004755713,"X1|X2|X6"
"D",0.204044037839075,0.159813880658597,"X1|X2|X3|X5"
"E",0.206157973312487,0.161809066018913,"X2|X5"
"0",0.786967566037398,0.709025917099852,"X2|X3|X4|X5"
"A",0.226838727043138,0.176659257152993,"X1|X2|X4"
"B",0.407979417539407,0.330602278201107,"X1|X6"
"C",3.42824467794627,3.36332772066457,"X1|X2|X5"
"D",0.202635851918663,0.16726281647803,"X1|X2|X3|X4|X5"
"E",0.216273872578242,0.173082342801584,"X3"
"0",0.677428646604388,0.658985020831813,"X1|X2"
"A",0.223595663518259,0.162762681391636,"X1|X5"
"B",0.424257226236692,0.378845012104636,"X1|X2|X5"
"C",2.30122303644572,1.8092452076164,"X1"
"D",0.157849734933411,0.0849096539064845,"X1|X2|X3|X5"
"E",0.204655899009442,0.18342616895911,"X1|X3|X5"
"0",0.945311120540678,0.933565755186894,"X3"
"A",0.219157291846453,0.142417636019755,"X1|X3"
"B",0.459190329818292,0.397474839901502,"X1"
"C",4.35693335271706,5.32500093461154,"X3"
"D",0.195143467859638,0.154765885597419,"X1|X2|X3|X6"
"E",0.270994459819027,0.228038795763494,"X5"
"0",0.903466858348915,0.895235765738169,"X1"
"A",0.204051890722374,0.154742233552358,"X1|X6"
"B",0.379260283184357,0.386341120497739,"X3|X4|X5|X6"
"C",0.74152188788622,0.589768047758826,"X1|X4"
"D",0.156516414241342,0.104123666120768,"X1|X2|X3"
"E",0.246947479427245,0.228159544374118,"X1|X2|X5"
"0",1.14929340157725,1.1792711984183,"X1"
"A",0.200634008172705,0.148559400825166,"X1|X3|X4|X6"
"B",0.439638596257173,0.365917464476509,"X1|X3|X5"
"C",0.876577795128251,0.673594225144461,"X1|X6"
"D",0.176259954170463,0.143298894891458,"X1|X2|X3|X5|X6"
"E",0.211137376118462,0.15447095095392,"X2|X5|X6"
"0",0.864211651647057,0.886994859100259,"X1|X6"
"A",0.23085687405504,0.171270970971186,"X1|X6"
"B",0.418762155931675,0.353145696553911,"X1|X2"
"C",1.06257009916508,0.83082157175634,"X1|X4|X5"
"D",0.160433518551526,0.0981421135093993,"X1|X2|X3"
"E",0.262825773531863,0.242712422639279,"X1|X2|X3"
"0",1.33962190549214,1.27577869911787,"X1"
"A",0.228429212200817,0.169059158653819,"X1|X3"
"B",0.468240352847444,0.435901266887664,"X1|X3|X5"
"C",0.811259561126284,0.765576772028746,"X4|X5"
"D",0.223961430227645,0.19905509726517,"X1|X2|X3"
"E",0.299855892212861,0.271742101379611,"X3|X6"
"0",0.897170899158382,0.898307683197401,"X2|X4"
"A",0.243690318952958,0.206417540059223,"X1|X4"
"B",0.433683843663753,0.348803293711944,"X1|X2"
"C",2.64093349379549,1.8673261621444,"X1"
"D",0.18551548420519,0.160932086286269,"X1|X2|X3"
"E",0.271538056433682,0.22810983938462,"X1|X6"
"0",0.877652812996386,0.885491976134199,"X1|X3|X6"
"A",0.243999852675003,0.196735304239332,"X1|X3|X5|X6"
"B",0.444644853735094,0.35074835627237,"X1|X6"
"C",0.915564651773441,0.598028202703597,"X1"
"D",0.164088556307736,0.130212402791011,"X1|X2|X3|X6"
"E",0.208137719123443,0.180338578765571,"X1|X4"
"0",0.876568437222376,0.792068473652766,"X3|X6"
"A",0.229798265598836,0.173881467459196,"X1"
"B",0.448601358025877,0.385923661397862,"X1|X2|X5"
"C",3.14551466581845,2.83496244878301,"X1|X5"
"D",0.225761524488391,0.18028355864738,"X1|X2|X3"
"E",0.272125070751417,0.269056254971196,"X1|X6"
"0",0.9736267298867,0.98043676280831,"X1|X4|X5"
"A",0.233979310883966,0.160998606045903,"X1|X3|X6"
"B",0.417315616278749,0.316001329546287,"X1|X2|X4|X6"
"C",5.23171731171013,5.59183748532098,"X1|X5"
"D",0.205770332097699,0.125134548708376,"X1|X2|X3|X4"
"E",0.278514904745229,0.241326690984575,"X1|X2|X3"
"0",0.739827787604923,0.768997351086053,"X2|X3|X5|X6"
"A",0.223811296321677,0.187170824569548,"X1|X3|X4|X5"
"B",0.386172005717401,0.275498246050413,"X1|X2"
"C",0.855237026065676,0.601508141220631,"X1|X2"
"D",0.177162268215068,0.114907177838967,"X1|X2|X3|X4|X5|X6"
"E",0.238111879203747,0.188494703108296,"X2|X4|X6"
"0",0.868175127581613,0.760927928977823,"X6"
"A",0.166334468750386,0.0996464758699998,"X1|X2|X5"
"B",0.440311620555975,0.389706502636113,"X1"
"C",0.559265430777918,0.451510461319113,"X1"
"D",0.157056216577625,0.11095052637695,"X1|X2|X3|X5"
"E",0.275972423340562,0.215465942665952,"X1|X2"
"0",1.14566332317242,1.16421184187136,"X1|X3|X5"
"A",0.254089926615533,0.165490832231663,"X1|X2|X6"
"B",0.419749383541162,0.282871780229178,"X1|X4|X6"
"C",0.958091140812901,0.618592667544533,"X1|X6"
"D",0.183001503314837,0.116844892450869,"X1|X2|X3"
"E",0.263432713321747,0.225242600101415,"X1"
"0",1.0643688248135,0.949223161254175,"X2"
"A",0.21905749805496,0.135585037286695,"X1|X4|X5"
"B",0.469469076725597,0.331185499322701,"X1|X5"
"C",3.10642987885995,2.4510295431342,"X1|X3|X5"
"D",0.198093918539909,0.140999050786248,"X1|X2|X3|X6"
"E",0.234932570897353,0.210887510648717,"X1|X5|X6"
"0",1.03301866928083,1.1188516269579,"X1|X2|X4|X5|X6"
"A",0.21885370003644,0.160617836450963,"X1|X3|X5"
"B",0.451520733370372,0.327018461786308,"X1"
"C",0.701669998063605,0.558029943346402,"X1|X5"
"D",0.19231445567142,0.129853349815532,"X1|X2|X3"
"E",0.260358690526417,0.245274151907348,"X1|X5"
"0",0.912324127670761,0.853786638774335,"X3|X5"
"A",0.227826986160808,0.17573351796115,"X1|X3"
"B",0.387818071658601,0.325963009922014,"X1|X2"
"C",2.45807522180379,1.79331347742299,"X1"
"D",0.155636264270345,0.112525610833813,"X1|X2|X3|X4|X5|X6"
"E",0.233457313040145,0.178992565636111,"X2|X6"
"0",0.970827254470546,1.01338688401263,"X1|X3|X6"
"A",0.285351269540542,0.232192800153276,"X1|X5"
"B",0.445119409124604,0.366986651265132,"X1|X3"
"C",0.794217861437971,0.683221414535305,"X1|X6"
"D",0.256027987364357,0.247201793099514,"X1|X2|X3|X4|X6"
"E",0.259387568259443,0.227564253211756,"X1|X5|X6"
"0",0.911815145727774,0.907801251329241,"X1|X5"
"A",0.279781534163947,0.207887810121485,"X1"
"B",0.461260250748532,0.382246283292161,"X1"
"C",1.41991720545541,1.15292455456827,"X1|X2|X6"
"0",1.25403370584807,1.17174157991854,"X2"
"A",0.186573240830323,0.118615316132826,"X1|X2|X3|X4"
"B",0.399739773295156,0.348556530745964,"X1|X2|X5"
"C",3.78645390786768,4.17195156998446,"X1|X5|X6"
"D",0.178543352853539,0.161199394715404,"X1|X2|X3|X4|X6"
"E",0.256374954859601,0.224296142105362,"X1|X6"
"0",0.943826509276984,0.913244390791968,"X1|X2|X4"
"A",0.20978139789889,0.152356202512202,"X1|X5"
"B",0.470616059760596,0.402316817784095,"X1|X3"
"C",2.15487866327321,1.36612295271705,"X1"
"D",0.17820733235578,0.12760790642628,"X1|X2|X3|X4|X5"
"E",0.294662156668165,0.26576908322695,"X2|X3"
"0",0.776287388722425,0.753942012295624,"X3|X6"
"A",0.187018979025315,0.126771299227642,"X1|X2|X4|X6"
"B",0.397328541233746,0.338799425222948,"X1|X2"
"C",0.602834008710123,0.512835836303127,"X1|X2"
"D",0.178554065831304,0.141981334069285,"X1|X2|X3|X5|X6"
"E",0.223184542346047,0.210463338925816,"X2|X4"
"0",1.11483158684727,1.12405327415934,"X1|X2"
"A",0.234427458548647,0.171157635652951,"X1|X3"
"B",0.513776803701506,0.435002754889946,"X1"
"C",0.51351330362226,0.435213154641892,"X1|X3"
"D",0.216252233450968,0.176214120221851,"X1|X2|X3|X6"
"E",0.28804274799768,0.252815771794837,"X2"
"0",0.913572448365293,0.871440717631037,"X2|X4"
"A",0.22968398762758,0.175389707188233,"X1|X4|X5"
"B",0.43747332274403,0.340338992707071,"X1"
"C",0.802428084820312,0.661418692581719,"X1|X2"
"D",0.174742037970979,0.12018810543956,"X1|X2|X3"
"E",0.249594670736233,0.201631310344905,"X1|X2|X5|X6"
"0",1.10571633030528,1.13470153378767,"X2|X4"
"A",0.23462284139091,0.186725521321862,"X1|X5|X6"
"B",0.49646697506459,0.392484927371772,"X1|X4"
"C",0.993709177469639,0.687349030894089,"X1|X6"
"D",0.244240003377088,0.211147302408438,"X1|X2|X3|X4|X5|X6"
"E",0.351995085162169,0.334567701397992,"X2|X4|X5"
"0",0.806368286253835,0.727853633083954,"X1|X2|X4|X6"
"A",0.230084258645199,0.179861599393187,"X1|X3|X6"
"B",0.460902183616245,0.426703216327593,"X3"
"C",3.08629307571741,2.63189431327059,"X1|X3"
"D",0.197806325123254,0.176237936123933,"X1|X2|X3|X5"
"E",0.227910295535085,0.178808780637016,"X1|X4"
"0",0.847586116079263,0.835520318499706,"X3|X6"
"A",0.205082955007252,0.146567205692873,"X1|X3"
"B",0.360498173733357,0.301036646149234,"X1|X2|X3|X4"
"C",0.735735952173307,0.598552908495988,"X1|X5"
"D",0.214439653489769,0.176592997779314,"X1|X2|X3|X6"
"E",0.228907840636427,0.183916705216015,"X1|X3|X4"
"0",0.994990812988967,1.03133098275525,"X3"
"A",0.21644870611419,0.154707207807559,"X1|X2|X4"
"B",0.343916729749121,0.301813266834896,"X1|X3|X4"
"C",3.75522950476906,3.49134223933774,"X1|X4"
"D",0.162900349579679,0.110619463895978,"X1|X2|X3|X4|X6"
"E",0.234544900289127,0.195147826575787,"X1|X3|X5"
"0",1.17615528217237,1.11329338595659,"X6"
"A",0.201508224083815,0.118270321271092,"X1|X4|X5"
"B",0.431501856113531,0.383642575416387,"X1|X2|X3"
"C",3.46942215754515,3.94520683504467,"X1|X2"
"D",0.192569436430789,0.121419200821703,"X1|X2|X3|X4"
"E",0.248869840422122,0.205669193047141,"X1|X3"
"0",0.809910485845093,0.905919582373433,"X3|X5|X6"
"A",0.230203658212729,0.156025974242478,"X1|X2|X5"
"B",0.357743829875718,0.308305420818951,"X2|X3|X6"
"C",3.08707075148152,2.44907564570284,"X1"
"D",0.17029539367775,0.111390231945872,"X1|X2|X3|X6"
"E",0.182010593895423,0.139245679360249,"X1|X2|X3|X4"
"0",0.965880007444083,1.03679778730079,"X1|X2|X3|X5|X6"
"A",0.279124703312555,0.241865129934375,"X1|X3|X6"
"B",0.587998560427649,0.533655739614634,"X1|X2"
"C",1.16692726523894,0.951157965249987,"X1|X2|X6"
"D",0.230637999829075,0.187875076801455,"X1|X2|X3|X6"
"E",0.254006848882017,0.23836285912143,"X3|X4|X6"
"0",0.841275613405465,0.86501538228021,"X3|X6"
"A",0.213349366744845,0.153344778819833,"X1"
"B",0.446806920251444,0.442514647125097,"X1|X2|X3|X4"
"C",2.88947437961698,2.59564518234475,"X1|X5"
"D",0.203034816137752,0.160314916507443,"X1|X2|X3|X6"
"E",0.303576647914276,0.298586193236307,"X1"
"0",0.975664180549313,0.955708901070434,"X2|X3|X5"
"A",0.260935342516525,0.19818659142361,"X1|X2"
"B",0.484770741456978,0.3203819613234,"X1"
"C",4.79010360915035,5.10606296594413,"X1|X3"
"D",0.258243911852109,0.211500530648704,"X1|X2|X3"
"E",0.259905744040391,0.243822658500135,"X1|X2|X3|X5|X6"
"0",0.982204542857066,0.995630594126656,"X3|X6"
"A",0.214118476629761,0.151528263235555,"X1|X4|X5|X6"
"B",0.385457922883397,0.327344088945021,"X1|X6"
"C",0.429335239296073,0.362514982246353,"X1|X4|X5"
"D",0.244321362361993,0.22697517381699,"X1|X2|X3|X4|X5|X6"
"E",0.241054365885487,0.207720744815538,"X1|X2|X3|X5|X6"
"0",0.868815279884042,0.92097294233285,"X1|X5|X6"
"A",0.214316202692999,0.173287091354206,"X1|X4|X6"
"B",0.393886580202803,0.338299641912285,"X1|X3"
"C",0.666880649746291,0.434169991220763,"X1"
"D",0.182307970934775,0.134749059312263,"X1|X2|X3|X4"
"E",0.226225556615454,0.183169247124376,"X1|X2|X3|X4|X5"
"0",0.757406965454543,0.761844831472607,"X1|X2|X3|X6"
"A",0.275943397845568,0.234885750445625,"X1|X2|X4|X5"
"B",0.492763622112758,0.353118492768569,"X1|X6"
"C",1.41450627051794,1.03605039921997,"X1"
"D",0.26134099448881,0.207398765719813,"X1|X2|X3|X4"
"E",0.199505931613657,0.166390783195191,"X1|X5|X6"
"0",0.991036029428452,0.966280711955021,"X3|X4|X6"
"A",0.203377370426718,0.159270691871922,"X1|X2|X4|X6"
"B",0.461595784056454,0.405759161443525,"X1|X2|X4"
"C",0.83590922951506,0.736825523880084,"X1|X2|X4"
"D",0.26323311447219,0.241014865178973,"X1|X2|X3"
"E",0.274224349452131,0.229159530374509,"X1|X2|X4"
"0",0.765919458586833,0.757117636346032,"X2|X3|X5|X6"
"A",0.281675544644834,0.248595688848397,"X1|X3"
"B",0.369537789600803,0.317541204945259,"X1|X2|X6"
"C",0.622645644573066,0.487565162650656,"X1|X6"
"D",0.217523877086899,0.176133455900363,"X1|X2|X3|X4"
"E",0.246608694957239,0.187623889595032,"X3"
"0",0.806142840553489,0.803859397198086,"X1|X2"
"A",0.243606859922574,0.194491482541159,"X1|X2|X3|X4|X5"
"B",0.39683547498581,0.305123584169854,"X1|X5"
"C",0.966553538341234,0.714851916652375,"X1"
"D",0.198304331885469,0.140845175774844,"X1|X2|X3"
"E",0.271339959581252,0.241259669255418,"X2|X3|X4|X6"
"0",0.994662489399937,0.960285902828269,"X5|X6"
"A",0.238688214336102,0.214553145145926,"X1|X2|X5"
"B",0.478145809280476,0.401168154476772,"X1|X4"
"C",3.61516041398675,2.82551297112014,"X1"
"D",0.257052936947599,0.234237407816371,"X1|X2|X3"
"E",0.308689740200082,0.303966128249767,"X1|X6"
"0",1.0730187476931,1.2050051403026,"X1|X2|X3|X5"
"A",0.254550538924515,0.189878698805008,"X1|X6"
"B",0.510999317789617,0.431742553172067,"X1"
"C",0.576652078059283,0.431627064501054,"X1"
"D",0.222191855023785,0.184410676459159,"X1|X2|X3|X5|X6"
"E",0.284027075839539,0.222948328970336,"X3|X5|X6"
"0",1.04024110801625,1.090062080826,"X2|X3|X6"
"A",0.239906767214061,0.193948301469768,"X1|X2|X3|X4|X6"
"B",0.525517413750895,0.385225173762503,"X1|X4"
"C",0.522598255793844,0.373711993791758,"X1|X5"
"D",0.192239751650474,0.141534583389761,"X1|X2|X3|X4"
"0",0.726117492242264,0.723461615500044,"X1|X2|X3|X6"
"A",0.203901576226325,0.15875878285786,"X1|X2|X4|X6"
"B",0.389757817168119,0.300524926902965,"X1|X4|X5"
"C",2.82138119500988,2.87553623579492,"X1|X6"
"D",0.173969845249483,0.130739771323018,"X1|X2|X3"
"E",0.214886321588419,0.167475125816285,"X2|X6"
"0",1.03757744367554,1.03279857843199,"X3|X4"
"A",0.216248565980456,0.158814675974077,"X1|X2|X3|X5|X6"
"B",0.437979684021638,0.324928200441307,"X1"
"C",1.39315751258463,0.994581900933305,"X1"
"D",0.19509366922161,0.142657875696301,"X1|X2|X3"
"E",0.243509885817729,0.210980416156973,"X1|X5"
"0",1.03162495503958,0.903231826481277,"X6"
"A",0.198981234006398,0.143978945579327,"X1|X2|X5"
"B",0.428941538492346,0.363446621091822,"X1|X3|X6"
"C",0.852410444664502,0.718374393509524,"X1"
"D",0.226905568341629,0.207259604747838,"X1|X2|X3|X5"
"E",0.246173539482319,0.236725846054718,"X2|X5"
"0",0.984006944954614,0.991978054001932,"X3"
"A",0.241826760301077,0.171128632276908,"X1|X2|X3|X6"
"B",0.41349828992041,0.331559070429454,"X1|X6"
"C",3.37330979787614,3.10874823947169,"X1"
"D",0.260266441307539,0.226074136809903,"X1|X2|X3|X6"
"E",0.235497204700817,0.187115059555283,"X1|X2|X3"
"0",0.878259278564628,0.843805129254585,"X6"
"A",0.239880581791861,0.171145124493759,"X1|X2|X4"
"B",0.430815744513225,0.379478880865322,"X1|X3|X5"
"C",2.87345812260241,2.60231487607598,"X1|X3"
"D",0.156853926428711,0.0990391569056317,"X1|X2|X3|X4|X5"
"E",0.242468150625598,0.2067223366207,"X3|X4|X5"
"0",0.900158466534709,0.807692490135107,"X4|X6"
"A",0.203908259043633,0.160085191169858,"X1|X3|X4|X5"
"B",0.320020751375901,0.287822367891838,"X1|X2|X3|X6"
"C",0.702124447983394,0.505863855976795,"X1|X6"
"D",0.181270710952808,0.154483562221243,"X1|X2|X3|X4|X5"
"E",0.243836083176835,0.217867398635051,"X2|X4|X5"
"0",1.07574089734363,1.08441618812733,"X3"
"A",0.213107250356294,0.165030360001424,"X1|X2|X4|X6"
"B",0.383771846865511,0.359466214712665,"X4|X6"
"C",0.590819041606449,0.509449497679047,"X1|X4|X6"
"D",0.20053375689308,0.167052286376312,"X1|X2|X3|X4|X5"
"E",0.277108299866773,0.238278456016281,"X2"
"0",0.910122614156458,0.825915521655523,"X1"
"A",0.206302674916807,0.151666162641441,"X1|X3|X4"
"B",0.466058169477639,0.426037615302793,"X1|X3|X4"
"C",0.627208283449714,0.537343648037205,"X1|X3"
"D",0.187265445932007,0.141034722534615,"X1|X2|X3|X4"
"E",0.269476282425985,0.217662380403819,"X1|X2"
"0",0.974091131311413,0.987145909857887,"X1"
"A",0.195779599188965,0.11401379658181,"X1"
"B",0.429716201016751,0.356864869755863,"X1|X3"
"C",3.23060819614897,2.93093701891899,"X1|X2|X4"
"D",0.177117505799518,0.128820766194153,"X1|X2|X3"
"E",0.259204648023975,0.230001982876837,"X1|X3"
"0",0.992715944831939,0.974230534070416,"X4"
"A",0.189333516125554,0.139121575400355,"X1|X5|X6"
"B",0.420669293492763,0.364102311731029,"X1|X3"
"C",0.708732755351779,0.590505107291199,"X1|X2|X3"
"D",0.201494566159994,0.174847289363275,"X1|X2|X3|X5|X6"
"E",0.272721503782055,0.255725433839481,"X3|X5"
"0",1.14368833688959,1.23613047705075,"X1|X4"
"A",0.255851759664735,0.192626605011921,"X1|X4"
"B",0.360213893384094,0.314867893876702,"X1"
"C",4.18876301626453,2.86817994346148,"X1|X3"
"D",0.202442803751252,0.146181537137986,"X1|X2|X3|X4"
"E",0.256771478519819,0.21680408775976,"X1|X2|X4"
"0",0.547317605676136,0.567028728094738,"X1|X2|X5"
"A",0.246154282801367,0.185982137413616,"X1|X2|X5"
"B",0.445894434442914,0.367816146371555,"X1"
"C",3.04550767686024,2.26753216938912,"X1"
"D",0.175901936005162,0.134646906714254,"X1|X2|X3|X6"
"E",0.253261948924591,0.230056586759639,"X2|X4|X6"
"0",0.865417022511761,0.796322033979719,"X1"
"A",0.265642655047483,0.212740131751851,"X1|X4"
"B",0.436347530774184,0.35471193287221,"X1|X2"
"C",3.53984002926812,3.42884820369947,"X1|X4"
"D",0.240995471683465,0.199098730018446,"X1|X2|X3"
"E",0.30198841000543,0.257771026493406,"X3"
"0",0.784574582175121,0.814493885179103,"X2|X3|X5"
"A",0.221810772640613,0.125067230553852,"X1|X5|X6"
"B",0.484540378824182,0.391823366354136,"X1"
"C",0.674080950915735,0.520362990204205,"X1|X2"
"D",0.199856676816304,0.151700554415176,"X1|X2|X3|X6"
"E",0.206107861697419,0.185128693475012,"X1|X2|X3|X5"
"0",0.769606048739977,0.816106642469661,"X1|X3"
"A",0.175923223238188,0.123344880255104,"X1|X3"
"B",0.406547992820627,0.282514826905784,"X1|X6"
"C",0.651958431395354,0.521250611474701,"X1|X6"
"D",0.186411472584705,0.139920072993346,"X1|X2|X3|X4"
"E",0.224554242824606,0.189798325600613,"X1"
"0",0.833463369722331,0.846162426367938,"X2|X4|X5|X6"
"A",0.202262312958362,0.143733317858124,"X1|X4|X5"
"B",0.474563624510898,0.339420128224964,"X1|X6"
"C",0.916989165303667,0.623415867983198,"X1"
"D",0.174268730294819,0.134628338760572,"X1|X2|X3|X4"
"E",0.294685963873337,0.24381024410032,"X1|X4|X5"
"0",0.838242381797812,0.779156676016041,"X3|X4|X5|X6"
"A",0.192220806522105,0.141277904007276,"X1|X2"
"B",0.319606177023634,0.295356857371568,"X1|X2|X4|X5"
"C",2.49264851294406,2.01458139065714,"X1"
"D",0.177751940481748,0.133115393392726,"X1|X2|X3|X6"
"E",0.211743611408434,0.190914720273855,"X1|X3|X5"
"0",0.732934826275043,0.662052835785485,"X1|X4|X5|X6"
"A",0.215065091106184,0.168055278523276,"X1|X2|X3|X6"
"B",0.485700349252446,0.390353583875517,"X1|X6"
"C",2.27686339324651,1.66837757542828,"X1"
"D",0.157609654855419,0.110031770802968,"X1|X2|X3|X4"
"E",0.217944327969587,0.174991994180183,"X1|X2"
"0",0.855130363428024,0.811314687637298,"X3|X4|X5|X6"
"A",0.222179721330718,0.149189319235611,"X1|X2|X3"
"B",0.519902037718217,0.388472433167069,"X1"
"C",0.774034914671988,0.686179152865345,"X1|X4|X5"
"D",0.20846783397242,0.125578627511565,"X1|X2|X3|X4"
"E",0.323720951259397,0.319776320591657,"X1|X2|X3"
"0",1.04924547188912,1.05155833483365,"X3|X5|X6"
"A",0.207014727827457,0.16248968298644,"X1|X2|X3|X4"
"B",0.434109393994586,0.374763395527235,"X1|X3|X5"
"C",0.838362986937269,0.680917978906349,"X1|X5|X6"
"D",0.179819896494042,0.139710919231209,"X1|X2|X3|X4|X5"
"E",0.267705993515057,0.23004432995764,"X4"
"0",0.943464069550503,0.837472488169178,"X3"
"A",0.205465954706802,0.165450775092387,"X1|X2|X3|X6"
"B",0.434512701691617,0.343892732805823,"X1|X6"
"C",1.16911279891476,0.913872292361631,"X1"
"D",0.203101466508947,0.189445444960771,"X1|X2|X3|X4|X5|X6"
"E",0.258604936612682,0.260592858494808,"X1|X4|X5"
"0",0.969864110672493,0.968607992441803,"X1|X4|X5"
"A",0.201974550211021,0.136801071335861,"X1|X2|X6"
"B",0.435697636517497,0.331321911391321,"X1|X2"
"C",0.676194073839497,0.482922507509938,"X1|X6"
"D",0.195530061439031,0.141667441605794,"X1|X2|X3"
"E",0.27706258588547,0.257075937725209,"X2|X3|X4"
"0",0.624998848266396,0.628090467011524,"X1|X2"
"A",0.253396092276053,0.191885546820403,"X1|X2|X6"
"B",0.419491478046829,0.361691634023923,"X1|X3|X6"
"C",0.487215373995655,0.398659546653326,"X1|X3|X6"
"D",0.234559387219837,0.179088878769363,"X1|X2|X3"
"E",0.335580503345778,0.33646509963014,"X1"
"0",1.37014584279404,1.45900185315622,"X3"
"A",0.241080712916631,0.200110659982504,"X1|X6"
"B",0.487131105857487,0.416420531106415,"X1|X2|X3"
"C",0.960577246732139,0.739337653971777,"X1"
"D",0.186347714884384,0.122671056421954,"X1|X2|X3|X4"
"E",0.240435534149186,0.20461625120844,"X1|X3|X5|X6"
"0",1.04395759750934,0.903650269222767,"X3"
"A",0.238144508192938,0.190915345151496,"X1|X2|X3|X5|X6"
"B",0.461454283975211,0.369994363147455,"X1|X2"
"C",0.845570883239888,0.701486171757338,"X1|X2"
"D",0.185555842045362,0.123878733139701,"X1|X2|X3|X4|X5|X6"
"E",0.240593581305655,0.212449574020676,"X3|X6"
"0",0.740186028526682,0.813814706716911,"X1|X2|X5|X6"
"A",0.178518708632273,0.111701900500695,"X1|X3"
"B",0.381985697658037,0.304538020781535,"X1|X3|X6"
"C",0.825564033381778,0.578153390684465,"X1"
"D",0.164565552736854,0.124966339889622,"X1|X2|X3|X4|X6"
"E",0.260006293387392,0.251539726543815,"X1|X5|X6"
"0",0.789972782587562,0.742408642071159,"X2|X5|X6"
"A",0.191539564830828,0.123817886763611,"X1|X2|X6"
"B",0.403463157008427,0.393833914858649,"X2|X5|X6"
"C",1.07608303820974,0.933176860365244,"X1|X2|X5|X6"
"D",0.20007212147353,0.16119603672146,"X1|X2|X3"
"E",0.237113045701049,0.210157402644079,"X1|X6"
"0",1.14928244543746,1.16767613421149,"X1|X3|X4"
"A",0.17938146219257,0.101192571722906,"X1|X2|X4|X5"
"B",0.429432322657013,0.346977790520641,"X1"
"C",0.923023971208065,0.632321524257471,"X1"
"D",0.151137733363545,0.099460777590884,"X1|X2|X3|X4"
"E",0.197549694372562,0.15191160363949,"X1|X2|X5"
"0",0.907947597559271,0.974285432204793,"X1|X2|X5"
"A",0.215845498450376,0.165308748373272,"X1|X2|X5"
"B",0.452301826987817,0.424173984193766,"X1|X2"
"C",0.457074326151539,0.354634666500041,"X1|X2|X4"
"D",0.222444177593606,0.172193298121334,"X1|X2|X3"
"E",0.26943884073971,0.229019684058158,"X3|X5"
"0",1.12783641528102,1.05127246541877,"X6"
"A",0.170064692207103,0.111129449189252,"X1|X3|X6"
"B",0.472065566160193,0.367457272975995,"X1|X5"
"C",0.311002941665832,0.261214178875004,"X1|X4"
"D",0.173117244495285,0.13152674424652,"X1|X2|X3"
"E",0.264884112756013,0.249154567083147,"X4|X6"
"0",0.887668631197409,0.817698856341153,"X1|X2"
"A",0.211997835891593,0.156955377460182,"X1|X3|X5|X6"
"B",0.361857427652036,0.345193011991649,"X3|X4|X5|X6"
"C",0.63315898602993,0.498642954413764,"X1|X5|X6"
"D",0.219152061236605,0.173868595430696,"X1|X2|X3"
"E",0.27823520898175,0.267144915071191,"X2|X4|X5|X6"
"0",1.15351164636071,1.09668329639918,"X3|X5|X6"
"A",0.19445000507415,0.13512302239668,"X1|X2|X3"
"B",0.376878747015375,0.305891623816668,"X1|X2|X5"
"C",0.547190860517314,0.34933270730177,"X1|X4|X5"
"D",0.15949647427312,0.102744023134056,"X1|X2|X3|X5|X6"
"E",0.158991173349075,0.118230908453259,"X1|X2|X3"
"0",1.03931776158161,1.03948045771008,"X2|X3|X6"
"A",0.206904711720338,0.131597203515856,"X1|X2"
"B",0.377631176742323,0.334098733893428,"X1|X5|X6"
"C",0.567344528340268,0.555107677789711,"X1|X2|X3|X5|X6"
"D",0.200733061810401,0.166567946407581,"X1|X2|X3"
"E",0.337841983811962,0.316096148632004,"X1|X4|X5"
"0",0.858278298363131,0.897376026876678,"X1|X2|X4"
"A",0.269717684447774,0.226706638224704,"X1|X5|X6"
"B",0.453470903187093,0.372853055926474,"X1|X5"
"C",0.936264543431452,0.621836139527631,"X1"
"D",0.250888709366641,0.213680397378553,"X1|X2|X3|X5"
"E",0.210485561843515,0.19946062752279,"X2|X4|X5|X6"
"0",0.814754069333335,0.791160523377471,"X2|X3|X5"
"A",0.261223643297839,0.222092259690186,"X1|X2|X3|X6"
"B",0.578519344179961,0.501686978233313,"X1|X3|X6"
"C",3.05360884942675,2.81322670543559,"X1|X5"
"D",0.248008959095973,0.232563798704812,"X1|X2|X3|X6"
"E",0.315668955635953,0.272582741120978,"X2"
"0",0.77895770192533,0.829292546386405,"X1|X4|X6"
"A",0.229402047068826,0.209585319867834,"X1|X3|X4|X5"
"B",0.419199200258334,0.40078581541231,"X1|X4|X5"
"C",0.703168365447079,0.547148133970828,"X1|X4"
"D",0.20833419406687,0.193050497180755,"X1|X2|X3|X4|X5"
"E",0.198038957311951,0.172510340158784,"X2|X4|X5|X6"
"0",0.935430904852248,0.878778251286096,"X5"
"A",0.273154679748764,0.191788006064498,"X1|X3|X4"
"B",0.401756965906548,0.339023908719665,"X1|X3|X6"
"C",1.03291539333924,0.898652287284305,"X1|X3"
"D",0.22163794105204,0.178669845779395,"X1|X2|X3|X6"
"E",0.265916279888135,0.21523866741318,"X1|X5"
"0",1.18999480066613,1.21160438809948,"X3|X4|X5"
"A",0.288958537221422,0.204594633621891,"X1"
"B",0.414039718088193,0.362953070203043,"X3|X4|X5|X6"
"C",2.46887099402748,1.99784669261596,"X1"
"D",0.237288325274508,0.212977812638532,"X1|X2|X3|X5"
"E",0.280565802234609,0.263365394318055,"X1|X3|X5"
"0",0.924600319224674,0.961472556090648,"X1|X2|X3|X4|X5|X6"
"A",0.190209957483993,0.124793340922332,"X1|X2|X4|X6"
"B",0.457329225135998,0.335763678136037,"X1|X2"
"C",3.80697225167336,3.66418891772689,"X4"
"D",0.155051694159666,0.114656508970325,"X1|X2|X3|X5|X6"
"E",0.23662311493939,0.204318196981462,"X1|X2|X3|X5"
"0",1.20934027593042,1.12053506750807,"X2|X6"
"A",0.207176694721803,0.125812094745341,"X1|X4"
"B",0.421561528048794,0.3522374603369,"X1|X2|X3"
"C",4.37562453357961,3.90948270039287,"X1"
"D",0.211256759864652,0.17659560948124,"X1|X2|X3|X4|X6"
"E",0.210896831001546,0.170988288389032,"X1"
"0",1.00554323940979,0.972807995869945,"X1|X5|X6"
"A",0.234980251363972,0.158903232384662,"X1|X6"
"B",0.37573257660159,0.341691778663667,"X1|X4"
"C",0.719818387522867,0.604387209951814,"X1|X2|X4"
"D",0.215568351985989,0.175888143983685,"X1|X2|X3"
"E",0.226362065622462,0.192006030032688,"X3|X4|X5"
"0",0.839590173598344,0.826175396807874,"X2|X3|X4|X6"
"A",0.215561206997217,0.149938685633015,"X1|X3|X6"
"B",0.463735365343408,0.417763803140422,"X1|X3|X6"
"C",0.801604922418203,0.676534168600156,"X1|X2"
"D",0.179393532849323,0.118704335876356,"X1|X2|X3"
"E",0.250518338464924,0.228220676211073,"X1|X2|X5"
"0",0.816671153467312,0.740161163885679,"X1|X6"
"A",0.203241355886401,0.151677739797734,"X1|X2|X6"
"B",0.374882778414803,0.343006877912442,"X1|X3"
"C",2.88443683692778,2.35883192613535,"X1|X6"
"D",0.200343689268838,0.170265255475502,"X1|X2|X3|X5"
"E",0.257798427130233,0.219180230560345,"X3"
"0",1.08888036680656,1.05033749456513,"X1|X2|X4"
"A",0.267431036053747,0.201031925436105,"X1|X3|X5"
"B",0.465126412423534,0.420031513384184,"X1|X4"
"C",3.28650860642019,2.7317804821678,"X1|X3"
"D",0.183342458029979,0.143491652414477,"X1|X2|X3|X4|X6"
"E",0.267079716963675,0.257649101813428,"X4|X5|X6"
"0",0.909351764916975,0.886532594682132,"X3"
"A",0.19187718841587,0.134368699268699,"X1|X2|X5"
"B",0.392943963453412,0.296886893026738,"X1|X6"
"C",1.29764364097533,0.960080037878346,"X1"
"D",0.169208639725783,0.148657613123752,"X1|X2|X3|X4|X5"
"E",0.262749741526877,0.241215489340973,"X2|X3"
"0",0.819234002893892,0.783525801236559,"X2|X3"
"A",0.242579941176194,0.172516339733525,"X1|X2|X5"
"B",0.502200232225509,0.494302313116164,"X1|X2|X4|X5|X6"
"C",0.655823287243103,0.53140839340047,"X1"
"D",0.211067195304627,0.178359408608068,"X1|X2|X3|X4|X5"
"E",0.338762051099457,0.276960782416768,"X2|X4"
"0",0.791120934064227,0.812662260837706,"X1|X2|X4|X6"
"A",0.195567456273696,0.149507636292559,"X1|X3|X4|X5|X6"
"B",0.445269176033422,0.351690226540809,"X1|X3|X5"
"C",1.01089829724616,0.680600259392939,"X1"
"D",0.199323791053513,0.173628010365616,"X1|X2|X3|X4|X5|X6"
"E",0.253199181097766,0.192526435462424,"X3|X4"
"0",0.937604847464447,0.837447351349571,"X3|X4|X6"
"A",0.203844346378127,0.142441504810605,"X1|X5"
"B",0.451285491127655,0.349892236107501,"X1"
"C",0.709241341195999,0.593931515720824,"X1|X2"
"D",0.153379633214473,0.0827224524258781,"X1|X2|X3|X6"
"E",0.230593420172722,0.227384508130103,"X5"
"0",0.718967791890234,0.758752882104424,"X1|X3|X6"
"A",0.222632074460082,0.177849734914949,"X1|X2|X3|X5|X6"
"B",0.381406596780128,0.352931409771281,"X3|X5|X6"
"C",2.97094776276233,2.36440557809599,"X1|X4"
"D",0.159064016619037,0.111742894700132,"X1|X2|X3|X5|X6"
"E",0.190540753480585,0.160846412980133,"X1|X2|X3|X6"
"0",0.860203505670131,0.822463043154939,"X4|X6"
"A",0.205780087433752,0.131116660755897,"X1"
"B",0.44910486389048,0.366333974240139,"X1|X4|X5"
"C",2.80436962371208,2.06901949311896,"X1|X2"
"D",0.244166994178522,0.211539501471576,"X1|X2|X3"
"E",0.226150946154616,0.20084213518908,"X1|X2|X3|X5|X6"
"0",0.936318777962852,1.0555211511631,"X2|X3|X5|X6"
"A",0.253977652661613,0.204508480282182,"X1|X2"
"B",0.417703434692385,0.334778674023221,"X1|X4"
"C",2.71413264432137,1.81941915511036,"X1"
"D",0.212541061484619,0.196666325954403,"X1|X2|X3|X5|X6"
"E",0.274140491483023,0.238553477578357,"X4"
"0",1.09329063407522,1.09769306067791,"X4"
"A",0.235863545886804,0.194807129367835,"X1|X2|X3"
"B",0.464084255146801,0.361898103733241,"X1|X5"
"C",0.919621958285903,0.784199318927079,"X1|X5"
"D",0.214225106432503,0.170470106915593,"X1|X2|X3|X4|X5"
"E",0.285775470739663,0.275463984672415,"X1|X2|X3|X4|X5"
"0",1.04072107899097,1.0185575641915,"X2|X5"
"A",0.215800208264386,0.136171742677954,"X1|X4"
"B",0.380642435447621,0.33402608751367,"X5|X6"
"C",2.91468583832803,2.40288340369847,"X1|X3|X5|X6"
"D",0.190679461769232,0.162185667648649,"X1|X2|X3|X4"
"E",0.203241819085363,0.163199898949091,"X1|X2"
"0",1.0171202966717,0.885336319560551,"X2|X3|X6"
"A",0.223519098956267,0.17161951255526,"X1"
"B",0.411360122659065,0.316539186387102,"X1"
"C",3.04775873776946,2.13896880192315,"X1|X3"
"D",0.171786796482877,0.129101909393187,"X1|X2|X3|X4|X6"
"E",0.251681731327235,0.237938506079636,"X1|X4|X6"
"0",1.04926631398427,1.14905368559868,"X1|X4|X6"
"A",0.195394366649547,0.127306643102104,"X1|X3|X6"
"B",0.490676255581522,0.425021028546803,"X1|X3"
"C",0.427347016861842,0.380456275658731,"X1|X3|X6"
"D",0.194849746509391,0.137862780157335,"X1|X2|X3|X6"
"E",0.234071039234651,0.194256926783851,"X3|X5"
"0",0.897772346322979,0.955505582957682,"X2|X5|X6"
"A",0.260826787197224,0.186815665320469,"X1|X3|X5"
"B",0.390542243758333,0.349602334014731,"X1|X5"
"C",2.86113705478502,2.73810667644153,"X1"
"D",0.215122564242297,0.178074752829002,"X1|X2|X3|X5"
"E",0.226845356544355,0.214660968830295,"X1|X5"
"0",0.909458305397038,0.938034742272354,"X1|X2|X4|X5|X6"
"A",0.207321355373647,0.138058088948358,"X1|X5"
"B",0.42015234431564,0.370107360599655,"X1|X3|X4|X6"
"C",2.44186754623364,1.92632938795555,"X1"
"D",0.183965995086445,0.144724931120367,"X1|X2|X3"
"E",0.207840183795821,0.187299362803368,"X1|X2|X3|X5|X6"
"0",1.10615265749605,1.16221567359557,"X1|X3|X5|X6"
"A",0.199476793659351,0.159746017108164,"X1|X4|X6"
"B",0.449276100381137,0.36830982329642,"X1"
"C",0.840420213470113,0.612127197161469,"X1|X3"
"D",0.17001058279125,0.131528856786648,"X1|X2|X3|X5"
"E",0.228200926083614,0.20258776998635,"X3|X4|X5|X6"
"0",0.842785684154404,0.85068587666885,"X6"
"A",0.174716461557071,0.111192903374473,"X1|X2|X4|X5|X6"
"B",0.417192012947461,0.368725013238435,"X1|X4|X6"
"C",3.27577948956336,2.68205173307031,"X1|X3"
"D",0.215008673409477,0.171911266587013,"X1|X2|X3|X6"
"E",0.218664566573224,0.192935927909256,"X1|X2|X5"
"0",0.898776900514498,0.864370620065765,"X1"
"A",0.200215426211581,0.152946901767332,"X1|X2|X3|X5"
"B",0.450529896263545,0.382987958320499,"X1|X4"
"C",0.591438223988295,0.469982914086568,"X1|X4"
"D",0.209322354633434,0.187666342031437,"X1|X2|X3|X6"
"E",0.280002268666458,0.266374026117739,"X3"
"0",1.01551095857078,0.99743060609457,"X2|X4"
"A",0.271096439284066,0.218338437826699,"X1|X5|X6"
"B",0.430313550591839,0.459564999942497,"X4"
"C",2.40147637146009,1.70710222442471,"X1"
"D",0.249985303088275,0.224319208031885,"X1|X2|X3|X5"
"E",0.314291928838277,0.278478200032129,"X5"
"0",0.823277985341044,0.74586340559145,"X3"
"A",0.271208212272763,0.219591938886653,"X1|X2|X3"
"B",0.431698534459812,0.315514416631038,"X1|X5"
"C",0.648776179290462,0.475551282321762,"X1|X5"
"D",0.166994252289418,0.11469890694592,"X1|X2|X3|X6"
"E",0.23865657846557,0.227952629946482,"X1|X2|X6"
"0",0.80989826279226,0.80691884901111,"X1|X5|X6"
"A",0.210543383393211,0.190141319820876,"X1|X2"
"B",0.365644674262008,0.322532646350815,"X1|X5|X6"
"C",0.597434939154445,0.493673823405575,"X1|X5|X6"
"D",0.175507367874672,0.147529048298437,"X1|X2|X3"
"E",0.219348506091833,0.197713370305705,"X1|X2|X6"
"0",0.853146884486794,0.824782058715309,"X1|X4"
"A",0.236967485048785,0.201019527651953,"X1|X2|X6"
"B",0.42612580294158,0.385133547385179,"X1|X3|X6"
"C",0.634068427416459,0.508219815876562,"X1|X2"
"D",0.186293720211244,0.158659262882738,"X1|X2|X3|X4|X6"
"E",0.228797486663902,0.203449614555538,"X2|X4|X5|X6"
"0",0.993848955300422,1.01013439875761,"X2"
"A",0.230646895525971,0.157123275946408,"X1"
"B",0.392194435389402,0.315212164264014,"X1|X5"
"C",0.790042833715012,0.67993379669219,"X1|X5"
"D",0.219442211051864,0.181520637928651,"X1|X2|X3|X4|X6"
"E",0.245206624068017,0.234604943521618,"X1|X2|X5|X6"
"0",0.952780283310363,0.886559229496032,"X2|X5|X6"
"A",0.20747697903799,0.1610523861668,"X1|X5|X6"
"B",0.410610479532089,0.331071323430197,"X1"
"C",3.45289892533854,3.67309018455412,"X1|X2"
"D",0.199653345277963,0.193207159316031,"X1|X2|X3|X5|X6"
"E",0.292178392706927,0.258269495430503,"X1|X2|X6"
"0",0.765163516373115,0.743305202581801,"X3|X4"
"A",0.177681048801868,0.122815578205315,"X1|X3|X4|X5"
"B",0.409476515690454,0.300147164322119,"X1|X6"
"C",0.577150141042348,0.411080425063459,"X1|X6"
"D",0.154785082544883,0.111977837667329,"X1|X2|X3|X4"
"E",0.280776318551396,0.281016648464668,"X1|X3|X4"
"0",1.03212860844798,1.14727915386865,"X1|X2|X5"
"A",0.215859759011633,0.153844811017215,"X1|X4|X6"
"B",0.450540891578176,0.469942963035666,"X2|X3|X4|X6"
"C",2.54761581132858,2.30091198763623,"X1"
"D",0.205019638846176,0.187919412353203,"X1|X2|X3|X4|X6"
"E",0.23127717894835,0.196593021525697,"X1|X2"
"0",0.793988274062039,0.754795746553024,"X3|X4|X6"
"A",0.219830698537758,0.12988326325989,"X1|X2|X6"
"B",0.326114263916798,0.296699102323278,"X1|X4|X5"
"C",3.15527573127285,2.97374420884815,"X1|X6"
"D",0.166898629228974,0.110934369941535,"X1|X2|X3|X4|X6"
"E",0.269911596344077,0.235221751219137,"X1|X5"
"0",1.0705075315003,1.08317141024155,"X1|X4"
"A",0.206072353206869,0.113736109534866,"X1|X2|X3|X6"
"B",0.413710301482843,0.364267970274488,"X1|X3"
"C",2.95247810823794,2.94218152883552,"X1|X2"
"D",0.190895925534989,0.142522599952451,"X1|X2|X3"
"E",0.250370137095676,0.227275631349364,"X1|X2|X4"
"0",1.05296978298602,0.97625040819909,"X1"
"A",0.279444896599696,0.244569725177391,"X1|X5|X6"
"B",0.423783708608023,0.38477053310873,"X1|X2|X5"
"C",0.766449353842264,0.61343382182795,"X1|X2|X5"
"D",0.255990598836118,0.249782565890197,"X1|X2|X3|X6"
"E",0.191786873364725,0.163930088906668,"X1|X3|X6"
"0",0.958703599019292,0.988132679237943,"X2|X3|X4|X5"
"A",0.257065392853165,0.209494299546188,"X1|X3|X4|X6"
"B",0.427562286248819,0.351651453390765,"X1|X4"
"C",1.49799197217802,1.25550933615436,"X1|X4"
"D",0.23569394129287,0.223830074883136,"X1|X2|X3|X4|X6"
"E",0.297579201313152,0.276131968049177,"X2|X4"
"0",0.637780385556498,0.598707873739015,"X5|X6"
"A",0.22110831357799,0.170950816061222,"X1|X2|X4"
"B",0.435902412506803,0.429376370758889,"X1|X2|X3|X4|X6"
"C",0.580328790858991,0.595174706224401,"X1|X2|X3|X4|X5|X6"
"D",0.202127093829561,0.154802206660435,"X1|X2|X3"
"E",0.243234845810313,0.22592038555424,"X1|X2|X3"
"0",1.33113994562275,1.23508658266591,"X3"
"A",0.173419986397877,0.10564439119763,"X1|X2|X3|X4|X6"
"B",0.465254278822452,0.44005018607599,"X1|X2|X3|X4|X6"
"C",0.63126144410119,0.509957389171724,"X1|X2|X4"
"D",0.211956319413239,0.168661463143213,"X1|X2|X3|X4|X5"
"E",0.256707045834339,0.244347139840517,"X1|X2|X4|X5"
"0",1.12348616686412,1.13123334234374,"X1|X4|X5|X6"
"A",0.245193189721838,0.158260441326298,"X1|X3|X5"
"B",0.443488580650292,0.403173943903611,"X6"
"C",2.33383797650323,1.90816830347811,"X1"
"D",0.160676124330332,0.0968942619658492,"X1|X2|X3|X5"
"E",0.216394651816827,0.192821626823382,"X2|X5"
"0",1.12552659689521,1.16945370854342,"X2"
"A",0.253876982453297,0.190404365976366,"X1|X3"
"B",0.528295519725639,0.410834306023925,"X1|X3"
"C",4.76679819089347,4.26570597023842,"X1"
"D",0.246553794159157,0.191078586219109,"X1|X2|X3"
"E",0.283166361159665,0.270056569672415,"X1|X2|X5"
"0",0.971027863519883,0.971301183169634,"X2|X3|X6"
"A",0.268357022713305,0.22438374942728,"X1|X6"
"B",0.464420622624081,0.361089326563269,"X1|X3"
"C",0.816391919058415,0.658000517753597,"X1|X3"
"D",0.222844771617666,0.186629573245392,"X1|X2|X3|X6"
"E",0.231727429092573,0.228621431395383,"X1|X2|X3"
"0",1.00641055036253,1.03723019433017,"X1|X4|X6"
"A",0.260653766724926,0.235212609067915,"X1|X3|X5"
"B",0.447086308493206,0.393875427234786,"X1|X4|X6"
"C",2.75546688249739,2.16171747386333,"X1"
"D",0.218731813396013,0.188675836621997,"X1|X2|X3|X5"
"E",0.265457728327739,0.22417124831944,"X1|X5"
"0",0.818463950178777,0.787159380942419,"X1|X2|X3"
"A",0.2514878283318,0.204252701849081,"X1|X5|X6"
"B",0.398787544617595,0.361187623934931,"X1|X6"
"C",0.832228662369039,0.549075567279662,"X1|X2"
"D",0.199009476056433,0.168127450333732,"X1|X2|X3|X5|X6"
"E",0.22597717981584,0.193192642612438,"X1|X3|X6"
"0",0.862216849020574,0.7864416559137,"X1|X3|X6"
"A",0.214894634137222,0.142831476491385,"X1|X2|X6"
"B",0.439821364107417,0.348022086170806,"X1"
"C",0.700744252427154,0.603125467268517,"X1|X4"
"D",0.193599486726935,0.152936555401019,"X1|X2|X3|X4"
"E",0.2539421713341,0.23973447852658,"X1|X3|X4|X5|X6"
"0",0.832925213808419,0.789517947070356,"X6"
"A",0.244463286080906,0.207604150481579,"X1|X2|X3|X5"
"B",0.41361549176001,0.372771025397129,"X4|X5"
"C",2.45968401543877,1.98771931261186,"X1|X2"
"D",0.207438733090016,0.177612659788657,"X1|X2|X3|X4|X5|X6"
"E",0.209736781200191,0.160985515860587,"X3|X4|X5"
"0",1.10974019021516,1.16534942402973,"X1|X4"
"A",0.2079016646599,0.149058279451068,"X1|X2|X4|X6"
"B",0.519667200687929,0.41514955278899,"X1|X2|X5"
"C",0.513016546846617,0.377081016697778,"X1|X2|X5"
"D",0.185931236315629,0.151910809639454,"X1|X2|X3|X4|X6"
"E",0.194970461532483,0.169351509410309,"X1|X2|X3|X4"
"0",1.0340078757594,1.04282004058946,"X5|X6"
"A",0.222432993157419,0.151913314823868,"X1"
"B",0.487037564834804,0.349366577757528,"X1"
"C",0.840382604012098,0.542297257694905,"X1"
"D",0.230419438042419,0.198824138504435,"X1|X2|X3|X6"
"E",0.285010953241705,0.255558029161833,"X3"
"0",1.21480399314992,1.08864482926706,"X4"
"A",0.229523703033416,0.171343710910872,"X1"
"B",0.455783906970551,0.37086252945873,"X1"
"C",0.995817005051778,0.845633344433737,"X1"
"D",0.198234716309417,0.143763373863739,"X1|X2|X3|X4"
"E",0.221586452274238,0.177450726381575,"X6"
"0",0.870304240621953,0.845276382356727,"X2|X4"
"A",0.269964883735737,0.207188807107913,"X1|X5"
"B",0.356443018461817,0.316369092932928,"X1|X2|X3|X4"
"C",2.69629637628586,2.02445519450455,"X1|X2"
"D",0.208161311028083,0.163624451969058,"X1|X2|X3|X4|X6"
"E",0.212828355056855,0.177291830576654,"X4"
"0",0.919581889439675,0.948637007965409,"X4|X6"
"A",0.246285552673632,0.176032336937387,"X1|X2"
"B",0.430913535345202,0.396958707037106,"X1|X4|X5"
"C",3.99880430001289,4.01746004414901,"X1|X2"
"D",0.241566352157475,0.215928968623208,"X1|X2|X3"
"E",0.221192073315252,0.188629881587115,"X2|X3"
"0",1.31430544570349,1.21192324415278,"X6"
"A",0.213740526299153,0.166978570908534,"X1|X3|X6"
"B",0.445819538288115,0.376491640571,"X1|X3"
"C",3.36969783465556,3.03199090284196,"X4"
"D",0.204213242280102,0.17479096631686,"X1|X2|X3|X5"
"E",0.266896937577924,0.226902746201072,"X1|X4|X6"
"0",0.927897692665511,0.939507984743905,"X3|X5"
"A",0.195822156559305,0.12551179995671,"X1|X3|X4|X6"
"B",0.424233210500901,0.32720388855925,"X1"
"C",0.417481821278252,0.36814177711623,"X1|X2|X6"
"D",0.18816251371797,0.136651748586369,"X1|X2|X3|X4"
"E",0.212300527137584,0.184023055728329,"X1|X2|X4|X6"
"0",0.871917355882724,0.918941345875443,"X1|X2|X5"
"A",0.180928901294137,0.123747638261936,"X1|X4"
"B",0.423889023556568,0.325426612915582,"X1|X5"
"C",0.923767122732507,0.807207034647949,"X1|X2|X6"
"D",0.175275131147672,0.130472682403204,"X1|X2|X3|X4"
"E",0.242728616260586,0.219831194290826,"X2|X3|X4|X6"
